{
  "pnl": 127.4131056647202,
  "returns": 0.01274131056647202,
  "winRate": 1.0,
  "avgWin": 21.23551761078666,
  "avgLoss": 0,
  "trades": 6
}